org,group/chapter,city,event_title,start_date,start_time,end_date,end_time,address/venue,registration_url,source_url
Meetup,dc512 ATX,Austin,DC512 October Meetup,2026-10-05,05:00,2026-10-05,,,https://www.meetup.com/dc512atx/events/316602225/?eventOrigin=group_upcoming_events,https://www.meetup.com/dc512atx/
Conference,ISMG Dallas Summit,Dallas,AI for Cybersecurity in 2027,2026-10-06,06:00,2026-10-06,,,https://ismg.events/custom-events/ai-for-cybersecurity-chicago/,https://ismg.events/summit/cybersecurity-summit-datasecurity-2025/
Conference,ISMG Dallas Summit,Dallas,Discussion Circle at World Forum 2026,2026-10-06,06:00,2026-10-06,,,https://ismg.events/custom-events/discussion-circle-at-world-forum-mumbai/,https://ismg.events/summit/cybersecurity-summit-datasecurity-2025/
Conference,ISMG Dallas Summit,Dallas,Executive Circle at World Forum Mumbai,2026-10-06,06:00,2026-10-06,,,https://ismg.events/custom-events/executive-circle-at-world-forum-mumbai/,https://ismg.events/summit/cybersecurity-summit-datasecurity-2025/
Conference,ISMG Dallas Summit,Dallas,HealthSec NYC Summit,2026-10-06,06:00,2026-10-06,,,https://ismg.events/summit/cybersecurity-summit-healthcare-new-york-11th-edition-2026/,https://ismg.events/summit/cybersecurity-summit-datasecurity-2025/
ISSA,Alamo (San Antonio),San Antonio,Halloween Costume Party at Monster Mini Golf,2026-10-29,,2026-10-29,,,https://www.alamoissa.org/event-details/halloween-costume-party-at-monster-mini-golf,https://www.alamoissa.org/event-list
ISSA,Alamo (San Antonio),San Antonio,Upcoming Events,2026-10-29,,2026-10-29,,,https://www.alamoissa.org/event-details/halloween-costume-party-at-monster-mini-golf,https://www.alamoissa.org/event-list
ISSA,Alamo (San Antonio),San Antonio,November 2026 Quarterly Meeting - Emerging Threats In Cybersecurity,2026-11-17,17:00,2026-11-17,,,https://www.alamoissa.org/event-details/november-2026-quarterly-meeting-emerging-threats-in-cybersecurity,https://www.alamoissa.org/event-list
ISSA,Alamo (San Antonio),San Antonio,Holiday '26 Event,2026-12-17,,2026-12-17,,,https://www.alamoissa.org/event-details/holiday-26-event,https://www.alamoissa.org/event-list
